time,x,y,speed,angle,angular speed
0.0,0.0,0.0,0.6660945679844152,0.0,-0.004110000096261501
0.008333206176757812,0.0,0.0,0.6660945679844152,0.0,-0.004110000096261501
